{
  "norm_stats": {
    "action.arm.position": {
      "mean": [
        -0.12036331743001938,
        0.06321954727172852,
        -0.03409610316157341,
        0.02967502735555172,
        -0.0363154336810112,
        0.008110248483717442,
        -0.093482106924057,
        -0.14425483345985413,
        -0.05258677154779434,
        0.08640846610069275,
        0.05767742171883583,
        0.033862050622701645,
        -0.011859290301799774,
        0.1360769271850586
      ],
      "std": [
        0.21843944489955902,
        0.10367704927921295,
        0.13532902300357819,
        0.3645695149898529,
        0.10921796411275864,
        0.2703831195831299,
        0.18463459610939026,
        0.24017110466957092,
        0.11472920328378677,
        0.12841196358203888,
        0.3665672242641449,
        0.11892379075288773,
        0.28634539246559143,
        0.20783855020999908
      ],
      "q01": [
        -0.7769334316253662,
        -0.1177615225315094,
        -0.369271844625473,
        -0.7621777653694153,
        -0.3727899491786957,
        -0.42900949716567993,
        -0.6910093426704407,
        -0.8634384870529175,
        -0.38171809911727905,
        -0.1666303277015686,
        -0.6396993398666382,
        -0.19745808839797974,
        -0.5094490051269531,
        -0.2580535113811493
      ],
      "q99": [
        0.23936748504638672,
        0.3543841540813446,
        0.22336944937705994,
        1.0861669778823853,
        0.15973663330078125,
        0.838504433631897,
        0.20121729373931885,
        0.30738067626953125,
        0.116729736328125,
        0.36122065782546997,
        1.2231248617172241,
        0.4443175494670868,
        0.8130388855934143,
        0.732700526714325
      ],
      "q02": [
        -0.7039412260055542,
        -0.09750346839427948,
        -0.3397550880908966,
        -0.6719582080841064,
        -0.31178000569343567,
        -0.39150145649909973,
        -0.5562621355056763,
        -0.7757432460784912,
        -0.3420509099960327,
        -0.14475049078464508,
        -0.5764972567558289,
        -0.17893177270889282,
        -0.47832176089286804,
        -0.19331759214401245
      ],
      "q98": [
        0.21669328212738037,
        0.3091362714767456,
        0.20630505681037903,
        0.9908579587936401,
        0.13877105712890625,
        0.7268424034118652,
        0.1688227653503418,
        0.27601945400238037,
        0.1020323634147644,
        0.3405373692512512,
        1.1266831159591675,
        0.3762534558773041,
        0.7230222821235657,
        0.6659048199653625
      ],
      "min": [
        -1.0322511196136475,
        -0.17084649205207825,
        -0.4573609530925751,
        -1.047179102897644,
        -0.6784685850143433,
        -0.5415337085723877,
        -1.1738249063491821,
        -1.0443463325500488,
        -0.5242672562599182,
        -0.2722688913345337,
        -0.9964402914047241,
        -0.31244203448295593,
        -0.601568877696991,
        -0.6276368498802185
      ],
      "max": [
        0.520776093006134,
        0.568498432636261,
        0.31130480766296387,
        1.2661433219909668,
        0.36981210112571716,
        1.6141022443771362,
        0.5492854714393616,
        0.4075624346733093,
        0.2659164369106293,
        0.5824121236801147,
        1.3443793058395386,
        0.694422721862793,
        1.5016244649887085,
        0.8436343669891357
      ]
    },
    "action.effector.position": {
      "mean": [
        4.8394389152526855,
        4.818205833435059
      ],
      "std": [
        0.9664397239685059,
        0.9984318614006042
      ],
      "q01": [
        2.9890401363372803,
        2.9150002002716064
      ],
      "q99": [
        5.399513244628906,
        5.399500370025635
      ],
      "q02": [
        3.004629373550415,
        2.931989908218384
      ],
      "q98": [
        5.399513244628906,
        5.399500370025635
      ],
      "min": [
        2.9641950130462646,
        2.901508331298828
      ],
      "max": [
        5.400000095367432,
        5.400000095367432
      ]
    },
    "observation.state.arm.position": {
      "mean": [
        -0.11929180473089218,
        0.05937237665057182,
        -0.037524882704019547,
        0.026990121230483055,
        -0.03780285641551018,
        0.0035639835987240076,
        -0.09324343502521515,
        -0.14417269825935364,
        -0.05467979609966278,
        0.08845625817775726,
        0.0577436126768589,
        0.034371454268693924,
        -0.013302997685968876,
        0.1367853581905365
      ],
      "std": [
        0.21645353734493256,
        0.09933603554964066,
        0.13327372074127197,
        0.3611835837364197,
        0.10938391834497452,
        0.27046215534210205,
        0.18427439033985138,
        0.23721541464328766,
        0.10966736823320389,
        0.12701742351055145,
        0.36295339465141296,
        0.11787796020507812,
        0.28319451212882996,
        0.20646227896213531
      ],
      "q01": [
        -0.7785687446594238,
        -0.07878449559211731,
        -0.3665502369403839,
        -0.7578854560852051,
        -0.37631288170814514,
        -0.4290023446083069,
        -0.6893438100814819,
        -0.8628689646720886,
        -0.37869852781295776,
        -0.1625427007675171,
        -0.6270323991775513,
        -0.1952516734600067,
        -0.5070899724960327,
        -0.25498059391975403
      ],
      "q99": [
        0.23466849327087402,
        0.34462979435920715,
        0.22116005420684814,
        1.0822304487228394,
        0.15635883808135986,
        0.8318049907684326,
        0.19961225986480713,
        0.30253374576568604,
        0.07231646776199341,
        0.3540460169315338,
        1.2168185710906982,
        0.4381415843963623,
        0.8131176233291626,
        0.7275934815406799
      ],
      "q02": [
        -0.6938784122467041,
        -0.07304328680038452,
        -0.3362812399864197,
        -0.665237545967102,
        -0.3145146369934082,
        -0.39565443992614746,
        -0.5573307871818542,
        -0.7661067843437195,
        -0.33822113275527954,
        -0.14133572578430176,
        -0.5664038062095642,
        -0.17464064061641693,
        -0.4754682779312134,
        -0.19181305170059204
      ],
      "q98": [
        0.21151578426361084,
        0.3053025007247925,
        0.20625603199005127,
        0.9831615686416626,
        0.13367867469787598,
        0.7227829694747925,
        0.16788828372955322,
        0.2718876600265503,
        0.07113754749298096,
        0.3386378586292267,
        1.1205532550811768,
        0.37650662660598755,
        0.7199167013168335,
        0.6635566353797913
      ],
      "min": [
        -1.0119240283966064,
        -0.16475912928581238,
        -0.45244044065475464,
        -1.0362879037857056,
        -0.6744841933250427,
        -0.5358866453170776,
        -1.1672515869140625,
        -1.0226259231567383,
        -0.5103482604026794,
        -0.2704000771045685,
        -0.9783082604408264,
        -0.3109906315803528,
        -0.5915533304214478,
        -0.608487069606781
      ],
      "max": [
        0.5112829804420471,
        0.5528922080993652,
        0.3158082962036133,
        1.2569774389266968,
        0.36589038372039795,
        1.6017996072769165,
        0.5383433699607849,
        0.39617452025413513,
        0.14462563395500183,
        0.5579975247383118,
        1.3357617855072021,
        0.6799250245094299,
        1.4888242483139038,
        0.8403099179267883
      ]
    },
    "observation.state.effector.position": {
      "mean": [
        4.8578643798828125,
        4.8429694175720215
      ],
      "std": [
        0.8886590003967285,
        0.9207570552825928
      ],
      "q01": [
        3.1663026809692383,
        3.0945115089416504
      ],
      "q99": [
        5.373244285583496,
        5.38563871383667
      ],