{
  "norm_stats": {
    "action.end.position": {
      "mean": [
        0.26189666986465454,
        0.13895997405052185,
        0.12336067110300064,
        0.016026053577661514,
        -0.038948774337768555,
        -0.07899101078510284,
        0.9850663542747498,
        0.26340532302856445,
        -0.12027767300605774,
        0.12457706034183502,
        -0.014977856539189816,
        -0.04259882867336273,
        0.12945303320884705,
        0.9761520028114319
      ],
      "std": [
        0.038585711270570755,
        0.042626623064279556,
        0.03705829381942749,
        0.04013798385858536,
        0.04820685833692551,
        0.13089466094970703,
        0.023986738175153732,
        0.04062814638018608,
        0.03965694457292557,
        0.038954537361860275,
        0.043615370988845825,
        0.06522428244352341,
        0.1455659419298172,
        0.03104812279343605
      ],
      "q01": [
        0.19167348742485046,
        0.03158385306596756,
        0.070426806807518,
        -0.07458659261465073,
        -0.1637895405292511,
        -0.44036149978637695,
        0.8909384608268738,
        0.18315337598323822,
        -0.2099856734275818,
        0.06805936992168427,
        -0.11875554174184799,
        -0.21101154386997223,
        -0.10986152291297913,
        0.8462129235267639
      ],
      "q99": [
        0.36460816860198975,
        0.23239193856716156,
        0.23134171962738037,
        0.12145769596099854,
        0.07985332608222961,
        0.11686253547668457,
        0.999698281288147,
        0.37419500946998596,
        -0.024444401264190674,
        0.23871222138404846,
        0.08214978873729706,
        0.10102498531341553,
        0.5226312875747681,
        0.9989162683486938
      ],
      "q02": [
        0.19788438081741333,
        0.04659544676542282,
        0.0741158053278923,
        -0.06799302995204926,
        -0.1423378884792328,
        -0.4126397371292114,
        0.9056648015975952,
        0.1905175745487213,
        -0.20150378346443176,
        0.07211397588253021,
        -0.10668965429067612,
        -0.19097930192947388,
        -0.0878756195306778,
        0.8631758689880371
      ],
      "q98": [
        0.35718420147895813,
        0.22107721865177155,
        0.21966767311096191,
        0.10415774583816528,
        0.06154543161392212,
        0.09931087493896484,
        0.9995788335800171,
        0.3650254011154175,
        -0.03656138479709625,
        0.2274208962917328,
        0.07405076920986176,
        0.08947199583053589,
        0.49411338567733765,
        0.998732328414917
      ],
      "min": [
        0.15363173186779022,
        -0.0025283140130341053,
        0.05455011874437332,
        -0.1404569447040558,
        -0.25172290205955505,
        -0.5168014168739319,
        0.8506426811218262,
        0.16756977140903473,
        -0.2395208179950714,
        0.045938652008771896,
        -0.19602681696414948,
        -0.3104307949542999,
        -0.2220214605331421,
        0.8160034418106079
      ],
      "max": [
        0.39624491333961487,
        0.2775387465953827,
        0.28803083300590515,
        0.18595711886882782,
        0.21059755980968475,
        0.30336931347846985,
        0.9999970197677612,
        0.4051246643066406,
        0.012916299514472485,
        0.3025594651699066,
        0.21718856692314148,
        0.21952256560325623,
        0.5745689868927002,
        0.9999833703041077
      ]
    },
    "action.effector.position": {
      "mean": [
        4.839439392089844,
        4.818205833435059
      ],
      "std": [
        0.9664377570152283,
        0.9984299540519714
      ],
      "q01": [
        2.9890401363372803,
        2.9150002002716064
      ],
      "q99": [
        5.399513244628906,
        5.399500370025635
      ],
      "q02": [
        3.004629373550415,
        2.931989908218384
      ],
      "q98": [
        5.399513244628906,
        5.399500370025635
      ],
      "min": [
        2.9641950130462646,
        2.901508331298828
      ],
      "max": [
        5.400000095367432,
        5.400000095367432
      ]
    },
    "observation.state.end.position": {
      "mean": [
        0.26177555322647095,
        0.13731975853443146,
        0.1238013431429863,
        0.013516580685973167,
        -0.04203367233276367,
        -0.08084262162446976,
        0.985081672668457,
        0.263640820980072,
        -0.12020240724086761,
        0.12441612780094147,
        -0.01562703587114811,
        -0.04327438399195671,
        0.13069522380828857,
        0.9763234853744507
      ],
      "std": [
        0.03816664591431618,
        0.04116763547062874,
        0.03653237223625183,
        0.038463786244392395,
        0.04801706597208977,
        0.1296890825033188,
        0.02269194833934307,
        0.040073566138744354,
        0.03862334415316582,
        0.038041308522224426,
        0.041126448661088943,
        0.06444836407899857,
        0.14409640431404114,
        0.031442999839782715
      ],
      "q01": [
        0.19355405867099762,
        0.0372493639588356,
        0.07317002862691879,
        -0.06731025129556656,
        -0.16504676640033722,
        -0.4376397430896759,
        0.8922762870788574,
        0.18413513898849487,
        -0.20886871218681335,
        0.07099854946136475,
        -0.11707747727632523,
        -0.20917654037475586,
        -0.10885129868984222,
        0.8485076427459717
      ],
      "q99": [
        0.3634428381919861,
        0.23039564490318298,
        0.23007389903068542,
        0.11887095868587494,
        0.0764991044998169,
        0.11456012725830078,
        0.9997584819793701,
        0.37342238426208496,
        -0.028508886694908142,
        0.23709005117416382,
        0.06802763044834137,
        0.09838292002677917,
        0.5199868679046631,
        0.999618411064148
      ],
      "q02": [
        0.19919154047966003,
        0.048985112458467484,
        0.07658880949020386,
        -0.05986805260181427,
        -0.1416378617286682,
        -0.4116172790527344,
        0.9066289067268372,
        0.1914675086736679,
        -0.20063593983650208,
        0.07459879666566849,
        -0.10560484975576401,
        -0.1891503930091858,
        -0.0859125554561615,
        0.8655025959014893
      ],
      "q98": [
        0.3562765121459961,
        0.21882441639900208,
        0.21837806701660156,
        0.09805803000926971,
        0.05969756841659546,
        0.0965571403503418,
        0.9996401071548462,
        0.36408179998397827,
        -0.03859761357307434,
        0.22614529728889465,
        0.06165395677089691,
        0.08531323075294495,
        0.49166935682296753,
        0.9993653297424316
      ],
      "min": [
        0.15514276921749115,
        -0.0007547179702669382,
        0.06228392571210861,
        -0.13933564722537994,
        -0.2557562589645386,
        -0.5197986960411072,
        0.8520296216011047,
        0.16961050033569336,
        -0.237707257270813,
        0.06250195950269699,
        -0.20342408120632172,
        -0.30730465054512024,
        -0.22148847579956055,
        0.8191822171211243
      ],
      "max": [
        0.3940189778804779,
        0.2734450101852417,
        0.28720346093177795,
        0.17601196467876434,
        0.21619735658168793,
        0.2985176742076874,
        0.999995231628418,
        0.40312549471855164,
        0.00023446268460247666,
        0.3025185763835907,
        0.1320328414440155,
        0.2196992188692093,
        0.5695029497146606,
        0.9999800324440002
      ]
    },
    "observation.state.effector.position": {
      "mean": [
        4.8578643798828125,
        4.84296989440918
      ],
      "std": [
        0.8886600732803345,
        0.9207539558410645
      ],
      "q01": [
        3.1663026809692383,
        3.0945115089416504
      ],
      "q99": [
        5.373244285583496,
        5.38563871383667
      ],