{
  "norm_stats": {
    "action.end.position": {
      "mean": [
        0.24932026863098145,
        0.13218973577022552,
        0.12478704750537872,
        0.018328631296753883,
        -0.03965458273887634,
        -0.08256646990776062,
        0.9835330843925476,
        0.2549385130405426,
        -0.11820535361766815,
        0.1238328367471695,
        -0.002767904195934534,
        -0.04602699726819992,
        0.14103105664253235,
        0.9719937443733215
      ],
      "std": [
        0.044421855360269547,
        0.040990300476551056,
        0.04106186330318451,
        0.03777500241994858,
        0.0509781688451767,
        0.1386117935180664,
        0.026853248476982117,
        0.044593773782253265,
        0.03612305596470833,
        0.042603448033332825,
        0.04784782975912094,
        0.0626867264509201,
        0.15898221731185913,
        0.04153405502438545
      ],
      "q01": [
        0.15197983384132385,
        0.03959377110004425,
        0.06837382167577744,
        -0.07210583984851837,
        -0.16174301505088806,
        -0.44818589091300964,
        0.8878973126411438,
        0.16906628012657166,
        -0.20630009472370148,
        0.06822377443313599,
        -0.11173088103532791,
        -0.20942169427871704,
        -0.10636598616838455,
        0.8043023943901062
      ],
      "q99": [
        0.3607674241065979,
        0.22667856514453888,
        0.2530376613140106,
        0.11682260036468506,
        0.08912146091461182,
        0.10845857858657837,
        0.999684751033783,
        0.369099497795105,
        -0.029796063899993896,
        0.2552366852760315,
        0.11669458448886871,
        0.09593743085861206,
        0.5857568979263306,
        0.9987378120422363
      ],
      "q02": [
        0.15791040658950806,
        0.050852466374635696,
        0.07223402708768845,
        -0.06015908718109131,
        -0.14191587269306183,
        -0.4218006134033203,
        0.9023651480674744,
        0.175150528550148,
        -0.1958491951227188,
        0.07143797725439072,
        -0.0994170606136322,
        -0.18843552470207214,
        -0.08645659685134888,
        0.8333283066749573
      ],
      "q98": [
        0.3521363139152527,
        0.21429960429668427,
        0.23655354976654053,
        0.09873926639556885,
        0.07078367471694946,
        0.09058469533920288,
        0.9995113015174866,
        0.3594394028186798,
        -0.04135768115520477,
        0.2393263876438141,
        0.09545530378818512,
        0.08343052864074707,
        0.5368884205818176,
        0.9982458353042603
      ],
      "min": [
        0.1314876228570938,
        -0.0025283140130341053,
        0.05455011874437332,
        -0.1404569447040558,
        -0.25482815504074097,
        -0.5477690696716309,
        0.8265218138694763,
        0.13827140629291534,
        -0.2395208179950714,
        0.045938652008771896,
        -0.19602681696414948,
        -0.3104307949542999,
        -0.2220214605331421,
        0.7266812920570374
      ],
      "max": [
        0.39624491333961487,
        0.2775387465953827,
        0.3153747320175171,
        0.18595711886882782,
        0.21059755980968475,
        0.30336931347846985,
        0.9999970197677612,
        0.4051246643066406,
        0.012916299514472485,
        0.31378868222236633,
        0.21718856692314148,
        0.21952256560325623,
        0.6829509139060974,
        0.9999950528144836
      ]
    },
    "action.effector.position": {
      "mean": [
        4.830863952636719,
        4.817091941833496
      ],
      "std": [
        0.9701193571090698,
        0.9987480044364929
      ],
      "q01": [
        2.974046230316162,
        2.92099666595459
      ],
      "q99": [
        5.399508476257324,
        5.399500370025635
      ],
      "q02": [
        2.9917430877685547,
        2.9359874725341797
      ],
      "q98": [
        5.399508476257324,
        5.399500370025635
      ],
      "min": [
        2.9420933723449707,
        2.901508331298828
      ],
      "max": [
        5.400000095367432,
        5.400000095367432
      ]
    },
    "observation.state.end.position": {
      "mean": [
        0.2488059401512146,
        0.13088476657867432,
        0.12496481835842133,
        0.016991451382637024,
        -0.04256793111562729,
        -0.08411802351474762,
        0.9835396409034729,
        0.254855215549469,
        -0.11802839487791061,
        0.12364412844181061,
        -0.003594546113163233,
        -0.046493399888277054,
        0.14234845340251923,
        0.9721791744232178
      ],
      "std": [
        0.04465934634208679,
        0.039477527141571045,
        0.0403766930103302,
        0.03628389537334442,
        0.05067072808742523,
        0.13747583329677582,
        0.026486726477742195,
        0.04457589238882065,
        0.0352664515376091,
        0.041580576449632645,
        0.04552684724330902,
        0.06201896443963051,
        0.1574331670999527,
        0.04168374836444855
      ],
      "q01": [
        0.15158414840698242,
        0.04372047632932663,
        0.07058753073215485,
        -0.06573351472616196,
        -0.16287577152252197,
        -0.4466588795185089,
        0.8890543580055237,
        0.16839107871055603,
        -0.20548994839191437,
        0.07021250575780869,
        -0.10987278819084167,
        -0.20749011635780334,
        -0.10281628370285034,
        0.8062937259674072
      ],
      "q99": [
        0.3594692051410675,
        0.22546005249023438,
        0.2514535188674927,
        0.11168105900287628,
        0.08584380149841309,
        0.10635566711425781,
        0.9997212290763855,
        0.36870479583740234,
        -0.03436225652694702,
        0.25239887833595276,
        0.10419459640979767,
        0.09269127249717712,
        0.5828853249549866,
        0.999350905418396
      ],
      "q02": [
        0.15568959712982178,
        0.05342714861035347,
        0.07412007451057434,
        -0.05627308785915375,
        -0.1422986090183258,
        -0.419641375541687,
        0.9033715128898621,
        0.17396996915340424,
        -0.19530603289604187,
        0.07273326069116592,
        -0.09800199419260025,
        -0.18693697452545166,
        -0.08442029356956482,
        0.8357458710670471
      ],
      "q98": [
        0.3523246645927429,
        0.21251782774925232,
        0.2344973236322403,
        0.09496761858463287,
        0.06932541728019714,
        0.0869368314743042,
        0.9995841979980469,
        0.35770487785339355,
        -0.04359439015388489,
        0.23702722787857056,
        0.08587740361690521,
        0.08035939931869507,
        0.5347310900688171,
        0.9989193677902222
      ],
      "min": [
        0.12743130326271057,
        -0.0007547179702669382,
        0.059636663645505905,
        -0.13933564722537994,
        -0.2557562589645386,
        -0.5457793474197388,
        0.8287373185157776,
        0.1399703174829483,
        -0.237707257270813,
        0.06250195950269699,
        -0.20342408120632172,
        -0.30730465054512024,
        -0.22148847579956055,
        0.7302899360656738
      ],
      "max": [
        0.3940189778804779,
        0.2734450101852417,
        0.3119608461856842,
        0.17601196467876434,
        0.21619735658168793,
        0.2985176742076874,
        0.999995231628418,
        0.40312549471855164,
        0.00023446268460247666,
        0.30963486433029175,
        0.1896485835313797,
        0.2196992188692093,
        0.6802759170532227,
        0.9999982118606567
      ]
    },
    "observation.state.effector.position": {
      "mean": [
        4.850038051605225,
        4.840820789337158
      ],
      "std": [
        0.8928216695785522,
        0.9267840385437012
      ],
      "q01": [
        3.1539831161499023,
        3.100553035736084
      ],
      "q99": [
        5.377991676330566,
        5.38563871383667
      ],