{
  "norm_stats": {
    "action.arm.position": {
      "mean": [
        -0.06371202319860458,
        0.05700802057981491,
        -0.07031906396150589,
        -0.043010830879211426,
        -0.021278511732816696,
        0.02329104207456112,
        -0.07313279062509537,
        -0.10548634082078934,
        -0.05023212358355522,
        0.0981992557644844,
        0.02670053206384182,
        0.056614555418491364,
        -0.027122341096401215,
        0.15794263780117035
      ],
      "std": [
        0.25161802768707275,
        0.11030219495296478,
        0.1476084440946579,
        0.3642943799495697,
        0.13570432364940643,
        0.3120015561580658,
        0.19275853037834167,
        0.2675802409648895,
        0.12064743787050247,
        0.12475170195102692,
        0.34908029437065125,
        0.13247303664684296,
        0.29379111528396606,
        0.2319025993347168
      ],
      "q01": [
        -0.744834303855896,
        -0.11421266198158264,
        -0.40313291549682617,
        -0.8167721629142761,
        -0.44660013914108276,
        -0.4639607071876526,
        -0.6499993205070496,
        -0.8242565393447876,
        -0.41940873861312866,
        -0.1582544445991516,
        -0.62050461769104,
        -0.1857861876487732,
        -0.5149173140525818,
        -0.22759059071540833
      ],
      "q99": [
        0.49059438705444336,
        0.3770081102848053,
        0.21423619985580444,
        1.0449897050857544,
        0.2441929578781128,
        1.006983757019043,
        0.3270043134689331,
        0.3915233612060547,
        0.11310523748397827,
        0.3571181893348694,
        1.1730314493179321,
        0.5062254667282104,
        0.800840437412262,
        0.8893445134162903
      ],
      "q02": [
        -0.6670198440551758,
        -0.09913002699613571,
        -0.3759797215461731,
        -0.743671178817749,
        -0.3753634989261627,
        -0.4234279990196228,
        -0.5338616967201233,
        -0.7204587459564209,
        -0.37194588780403137,
        -0.13193027675151825,
        -0.5544935464859009,
        -0.1647142469882965,
        -0.4850519895553589,
        -0.19750353693962097
      ],
      "q98": [
        0.45748186111450195,
        0.32880285382270813,
        0.19244861602783203,
        0.9233089685440063,
        0.2149791717529297,
        0.8596712946891785,
        0.2863389253616333,
        0.36044812202453613,
        0.0991550087928772,
        0.3383151888847351,
        1.0503724813461304,
        0.4434579908847809,
        0.7104030251502991,
        0.7741965651512146
      ],
      "min": [
        -1.0322511196136475,
        -0.17084649205207825,
        -0.5016648173332214,
        -1.047179102897644,
        -0.7537940740585327,
        -0.5650745034217834,
        -1.1738249063491821,
        -1.0443463325500488,
        -0.5358210206031799,
        -0.2722688913345337,
        -0.9964402914047241,
        -0.31244203448295593,
        -0.601568877696991,
        -0.6276368498802185
      ],
      "max": [
        0.623375654220581,
        0.568498432636261,
        0.31130480766296387,
        1.2661433219909668,
        0.36981210112571716,
        1.6141022443771362,
        0.5492854714393616,
        0.5574716925621033,
        0.2659164369106293,
        0.5824121236801147,
        1.3443793058395386,
        0.8084061145782471,
        1.5016244649887085,
        1.2295881509780884
      ]
    },
    "action.effector.position": {
      "mean": [
        4.830864429473877,
        4.817091941833496
      ],
      "std": [
        0.9701154232025146,
        0.9987489581108093
      ],
      "q01": [
        2.974046230316162,
        2.92099666595459
      ],
      "q99": [
        5.399508476257324,
        5.399500370025635
      ],
      "q02": [
        2.9917430877685547,
        2.9359874725341797
      ],
      "q98": [
        5.399508476257324,
        5.399500370025635
      ],
      "min": [
        2.9420933723449707,
        2.901508331298828
      ],
      "max": [
        5.400000095367432,
        5.400000095367432
      ]
    },
    "observation.state.arm.position": {
      "mean": [
        -0.06063124164938927,
        0.05504278466105461,
        -0.07432281225919724,
        -0.045330386608839035,
        -0.021329445764422417,
        0.016890088096261024,
        -0.07175543904304504,
        -0.10378105193376541,
        -0.05233030021190643,
        0.10109168291091919,
        0.025736074894666672,
        0.05622208118438721,
        -0.028623728081583977,
        0.15825781226158142
      ],
      "std": [
        0.2522198259830475,
        0.10510598868131638,
        0.1458824872970581,
        0.3609497547149658,
        0.13685739040374756,
        0.3121580481529236,
        0.19315795600414276,
        0.26666727662086487,
        0.11606717109680176,
        0.1239439845085144,
        0.3464745879173279,
        0.1315743774175644,
        0.2910347580909729,
        0.23047302663326263
      ],
      "q01": [
        -0.7381419539451599,
        -0.07763625681400299,
        -0.3894270062446594,
        -0.8106306195259094,
        -0.44644680619239807,
        -0.467544287443161,
        -0.6470450758934021,
        -0.824560821056366,
        -0.41630151867866516,
        -0.15806937217712402,
        -0.6117595434188843,
        -0.1778075397014618,
        -0.5112507343292236,
        -0.2346622347831726
      ],
      "q99": [
        0.4932224750518799,
        0.36931702494621277,
        0.21168586611747742,
        1.0427864789962769,
        0.24115532636642456,
        1.0013996362686157,
        0.3271907567977905,
        0.39333558082580566,
        0.073788583278656,
        0.3517265021800995,
        1.1677603721618652,
        0.5036459565162659,
        0.793146014213562,
        0.8809598088264465
      ],
      "q02": [
        -0.6615091562271118,
        -0.07203857600688934,
        -0.37326472997665405,
        -0.7367874383926392,
        -0.37940168380737305,
        -0.42942366003990173,
        -0.5334524512290955,
        -0.7153267860412598,
        -0.3688085377216339,
        -0.1272529661655426,
        -0.5446515083312988,
        -0.16382332146167755,
        -0.4858701527118683,
        -0.2035711109638214
      ],
      "q98": [
        0.46276581287384033,
        0.3219520151615143,
        0.1854221522808075,
        0.918950080871582,
        0.2104170322418213,
        0.8584473133087158,
        0.28693878650665283,
        0.36163270473480225,
        0.07083702087402344,
        0.3346615135669708,
        1.0460402965545654,
        0.43905210494995117,
        0.7049379348754883,
        0.7642766833305359
      ],
      "min": [
        -1.0119240283966064,
        -0.16475912928581238,
        -0.46122488379478455,
        -1.0362879037857056,
        -0.7478156685829163,
        -0.5641454458236694,
        -1.1672515869140625,
        -1.0226259231567383,
        -0.5261793732643127,
        -0.2704000771045685,
        -0.9783082604408264,
        -0.3109906315803528,
        -0.5915533304214478,
        -0.608487069606781
      ],
      "max": [
        0.6255286335945129,
        0.5528922080993652,
        0.3158082962036133,
        1.2569774389266968,
        0.36589038372039795,
        1.6017996072769165,
        0.5383433699607849,
        0.5468282103538513,
        0.14462563395500183,
        0.5579975247383118,
        1.3357617855072021,
        0.7988684773445129,
        1.4888242483139038,
        1.220401644706726
      ]
    },
    "observation.state.effector.position": {
      "mean": [
        4.850037574768066,
        4.8408203125
      ],
      "std": [
        0.8928259611129761,
        0.9267871379852295
      ],
      "q01": [
        3.1539831161499023,
        3.100553035736084
      ],
      "q99": [
        5.377991676330566,
        5.38563871383667
      ],